year,capex_cash,opex_cash,benefit,total_cost,net_cash_flow,discounted_net
2025,250000.0,810000.0,640000.0,1060000.0,-420000.0,-420000.0
2026,120000.0,834300.0,640000.0,954300.0,-314300.0,-291018.5185185185
2027,0.0,859329.0,640000.0,859329.0,-219329.0,-188039.26611796982
2028,0.0,688418.01,640000.0,688418.01,-48418.01000000001,-38435.77738403699
2029,0.0,709070.5503000001,640000.0,709070.5503000001,-69070.55030000012,-50768.91641957911
